{"accuracy": 0.9985985985985986, "specificity": 0.0, "sensitivity": 0.9996492810261035}